min_precision,max_demographic_parity_diff,drift_alert_threshold,approved,rejected,escalated,verified,total,rejection_rate,escalation_rate,approval_rate
0.7,0.02,0.05,1,4,0,1,6,0.667,0.0,0.167
0.7,0.02,0.15,1,4,0,1,6,0.667,0.0,0.167
0.7,0.02,0.25,1,4,0,1,6,0.667,0.0,0.167
0.7,0.05,0.05,2,2,1,1,6,0.333,0.167,0.333
0.7,0.05,0.15,2,2,1,1,6,0.333,0.167,0.333
0.7,0.05,0.25,3,2,0,1,6,0.333,0.0,0.5
0.7,0.1,0.05,2,1,2,1,6,0.167,0.333,0.333
0.7,0.1,0.15,3,1,1,1,6,0.167,0.167,0.5
0.7,0.1,0.25,4,1,0,1,6,0.167,0.0,0.667
0.75,0.02,0.05,0,5,0,1,6,0.833,0.0,0.0
0.75,0.02,0.15,0,5,0,1,6,0.833,0.0,0.0
0.75,0.02,0.25,0,5,0,1,6,0.833,0.0,0.0
0.75,0.05,0.05,1,3,1,1,6,0.5,0.167,0.167
0.75,0.05,0.15,1,3,1,1,6,0.5,0.167,0.167
0.75,0.05,0.25,2,3,0,1,6,0.5,0.0,0.333
0.75,0.1,0.05,1,2,2,1,6,0.333,0.333,0.167
0.75,0.1,0.15,2,2,1,1,6,0.333,0.167,0.333
0.75,0.1,0.25,3,2,0,1,6,0.333,0.0,0.5
0.8,0.02,0.05,0,5,0,1,6,0.833,0.0,0.0
0.8,0.02,0.15,0,5,0,1,6,0.833,0.0,0.0
0.8,0.02,0.25,0,5,0,1,6,0.833,0.0,0.0
0.8,0.05,0.05,1,3,1,1,6,0.5,0.167,0.167
0.8,0.05,0.15,1,3,1,1,6,0.5,0.167,0.167
0.8,0.05,0.25,2,3,0,1,6,0.5,0.0,0.333
0.8,0.1,0.05,1,2,2,1,6,0.333,0.333,0.167
0.8,0.1,0.15,2,2,1,1,6,0.333,0.167,0.333
0.8,0.1,0.25,3,2,0,1,6,0.333,0.0,0.5
0.85,0.02,0.05,0,5,0,1,6,0.833,0.0,0.0
0.85,0.02,0.15,0,5,0,1,6,0.833,0.0,0.0
0.85,0.02,0.25,0,5,0,1,6,0.833,0.0,0.0
0.85,0.05,0.05,1,3,1,1,6,0.5,0.167,0.167
0.85,0.05,0.15,1,3,1,1,6,0.5,0.167,0.167
0.85,0.05,0.25,2,3,0,1,6,0.5,0.0,0.333
0.85,0.1,0.05,1,2,2,1,6,0.333,0.333,0.167
0.85,0.1,0.15,2,2,1,1,6,0.333,0.167,0.333
0.85,0.1,0.25,3,2,0,1,6,0.333,0.0,0.5
0.9,0.02,0.05,0,5,0,1,6,0.833,0.0,0.0
0.9,0.02,0.15,0,5,0,1,6,0.833,0.0,0.0
0.9,0.02,0.25,0,5,0,1,6,0.833,0.0,0.0
0.9,0.05,0.05,0,5,0,1,6,0.833,0.0,0.0
0.9,0.05,0.15,0,5,0,1,6,0.833,0.0,0.0
0.9,0.05,0.25,0,5,0,1,6,0.833,0.0,0.0
0.9,0.1,0.05,0,5,0,1,6,0.833,0.0,0.0
0.9,0.1,0.15,0,5,0,1,6,0.833,0.0,0.0
0.9,0.1,0.25,0,5,0,1,6,0.833,0.0,0.0
